org_name,sequence,temperature,lid_type
azorhizobium_caulinodans,MRLVLLGPPGAGKGTQALRLVQRHGIVQLSTGDMLRAAVAAGTPVGLKAKAVMESGGLVSDEIVIGIIAERLDQPDARKGFILDGFPRTVAQADALDKLLADKGLKLDAVIELKVDQAKLLDRILNRAAEAKAKGEPVRKDDDPEVFKTRLEAYNRDTAVVAPYYSARGQLQQIDGMAPIEKVTQAIDSILETA,30,lidless
methylocella_silvestris,MRLVFLGPPGAGKGTQSTRLQQKFNIPQLSTGDMLRAAVKAGTPVGLKAKAIMDAGGLVPDEVVVGIIADRIDEPDAKEGFILDGFPRTVKQAEALADILIKKNMKLDAVIELKVDDKALLARIENRAQESLAKGETIRADDNPEAFKKRLESYHAQTAPVSAFYAGKGALKAVDGMAPIDDVSAAIEKALAF,23,lidless
bartonella_henselae,MRIVLLGPPGAGKGTQAKMLCEEYHIPQLSTGDMLREVIRRETEIGKKAKAMINAGTLVSDSIVNQIVSDRIDESDCINGFVLDGYPRTVGQAEVLQQVLQSKNMQLDAVIELIVDEDALLERMKKRVQETIIAGGQVRSDDNPVAFAKRLVEYREKTAPLSEFYLQRRLLKLVDGMIGVTEVSRKIREVLK,37,lidless
sorangium_cellulosum,MILVLVGPPGAGKGTQAKLLCARFGIPQISTGDMLREAKRSGTLEKRYLDIMDSGGLLPDEAVIGLIARRTVEPDCSNGFLLDGFPRTVPQADALDELLASANQGGKRIDAVIQLDVARPLLEERLIHRRTDKRSGQIYHLVYNPPPPGAELEHRADDRPEAVAKRLDAYEAMTAALLPFYEQKKLLHRVDGVGKPEEVTHRVLSAIGRPGSGGE,28,lidless
elusimicrobium_minutum,MIIVLLGAPGAGKGTQSVLVAEKYGLKHISTGDLLREEIANNTELGKQAKKLIDGGNLVPDEMILGLLKNAFLNRGKGVVLDGFPRTLSQAEMMHPIVKGLAEKLSAVINIKLSEDEITQRIVLRRQCKNCGNIFNLRFIKNFDGKCPKCGSTDIYQRADDNEESAKNRINVYHSQTEPVVGFYKNKTYYKEVDGSKNKEEVFEEISKFINRKK,26,zinc
deinococcus_deserti,MTQTENKVVIFLGPPGAGKGTQAERLAQEQSLTKISTGDILRDHVARGTELGQQVKPILDAGHLVPDEILIALIRDKLAGMRPVRVIFDGFPRTGAQAEALDALLEDLGAPVTAVPLLEVPDQVLIDRIVERGNQAQARGEAVRSDDNEETARRRQQVYREQTQPLIDYYAGRGQLYTVNGVGSLDEVYDRILKGMQ,28,lidless
xanthomonas_campestris,MRLVLLGPPGSGKGTQAARLKDTFQIPHISTGDLLRAEVAAGSPLGVKAKEVMARGDLVSDEILLGMLEARLGQADVANGFILDGYPRNVAQANALDSLLSKIGQPLDAVVQLDVASELLVERIAGRAKAEGREDDNPESVRKRLQVYTDSTAPVIGFYEQRGKLARVDGVGSLDEVLKRIGQALGR,26,lidless
pseudarthrobacter_chlorophenolicus,MTRMLIIGPPGSGKGTQAERISERLGVVAISTGDIFRANVKGETPLGIEAKKYMDNGDFVPDSVTNKMVRDRLSESDVESGFLLDGYPRTTAQVDYLDEILAKNEEKLDVVLQLTADDEELVHRLLGRAKETGRSDDNEAVIRHRLDLYHEQTEAVVAKYAERGILTQVDGIGPIDEVTDRVMQAIKAAQAA,27,lidless
leptospira_interrogans,MKNIIFMGPPGAGKGTQAKILCERLSIPQISTGDILREAVKNQTAMGIEAKRYMDAGDLVPDSVVIGIIKDRIREADCKNGFLLDGFPRTVEQAEALDTLLKNEGKSIDKAINLQVPDAELLKRLLGRAEIEGRADDNEVTIKNRLDNYNKKTLPLLDFYATRKKLSQVNGVGSLEEVTSLIQKELA,29,lidless
corynebacterium_urealyticum,MRLVLLGPPGAGKGTQAQLLSDALNIPHISTGDLFRANISQGTELGKQAQEYMDAGKLVPTEVTANMVRARLEEADAANGFLLDGFPRTIEQADLLEEMLKEKDLKLDAVINYQVSEDVVVERMLSRGRNDDNESTIRTRLQVYREETAPLIDYYQGRILNIDAEGSVEDISEATLCALDK,37,lidless
paramagnetospirillum_magneticum,MNLVLLGPPGGGKGTQAKRLQDKYGLVQLSTGDMLRAAVASGSEVGKKAKAVMDAGQLVSDEIVIAIIDERLDQADVAKGAIFDGFPRTVAQAEALDAMMAKKGKKLDFAIEIRVPDAYIVERITGRYTCAKCGAGYHDKFQLPQVAGKCDSCGGTEFARRPDDNVDTVTKRLDAYHAQTAPLLPYYDKKGSLKLVDGTMDIADVTKALEGILDASK,30,zinc
gluconacetobacter_diazotrophicus,MNVIFLGPPGAGKGTQSKRLEARYGIAQISTGDMLRAEVAAESAIGKQARALMDAGQLVPDDVIVAMLESRIAQPDCAKGFILDGFPRTQGQAVALDSMLKRRGARIDVVLFLEVDEEALADRIAGRFTCATCGAGYNDLFKKPKVEGTCDVCGGHSFVRREDDRRETVAARLVAYRKQTAPILPYYEAEGLLRRIDGMADIDTVTAKVFEIMDAITKK,30,zinc
sphingopyxis_alaskensis,MTLNIILLGPPGAGKGTQASRLEDEHGMVQLSTGDMLRAAVKAGTPIGLQAKAVMDAGELVSDAIVSGLIGERLDELGPDVSVIFDGYPRTAAQADALDGILSARGRTLDHVIELVVDEDALVDRITGRFSCARCGEGYHDRYKLPKVADICDVCGSKEFKRRPDDNEDTVRTRMVEYRAKTAPILPIYEARGIVTRVDGMAPIDRVNDAIETILGTAG,28,zinc
thermotoga_neapolitana,MMAYLVFLGPPGAGKGTYAKRIQEKTGIPHISTGDIFRDIVKKENDELGKKIKEIMEKGELVPDELVNEVVKRRLSEKDCEKGFILDGYPRTVAQAEFLDSFLESQNKQLTAAVLFDVPEDVVVQRLTSRRICPKCGRIYNMISLPPKEDELCDDCKVKLVQRDDDKEETVRHRYKVYLEKTQPVIDYYGKKGILKRVDGTIGIDNVVAEVLKIIGWSDK,79,zinc
thermotoga_maritima,MMAYLVFLGPPGAGKGTYAKRLQEITGIPHISTGDIFRDIVKKENDELGKKIKEIMERGELVPDELVNEVVKRRLSEKDCERGFILDGYPRTVAQAEFLDGFLKTQNKELTAAVLFEVPEEVVVQRLTARRICPKCGRIYNLISLPPKEDELCDDCKVKLVQREDDKEETVRHRYKVYLEKTQPVIDYYDKKGILKRVDGTIGIDNVIAEVLKIIGWSDK,75,zinc
pseudothermotoga_lettingae,MKIVLLGAPGAGKGTLAKDLSIMFSVPHISTGDMFREAVAAGTELGVKVQNILSSGALVPDEIVNQVVEERLRKQDCEKGFIFDGYPRTIAQAIALDEILQKMSKKLDLAIYLEASEETVVKRLTSRRICPKCGKIYNLISMPPVSDQICDDCGEQLVIREDDKEEVVRKRYRLYLETTAPLVEYYSGRDILVSVNSERDHRKLVEDVSRLLKKVIS,65,zinc
kosmotoga_olearia,MNIILLGPPGAGKGTQAKKIAMRYGIPHISTGDMLREAVAAGTELGKKVKEIIEKGLLVPDDLMVAIVEDRLKKPDSAKGFILDGFPRTVQQAESLSGILGNLGKELDAVILIDAPEEVVVERISSRRVCPSCGKVYNLLTIKPKNDMLCDDCNIGLIQREDDKPATVRERYRVYMEKTAPVINYYSEHGSLITIDGSLDIEAVTEEIFKNLENL,65,zinc
petrotoga_mobilis,MRLLFFGPPGAGKGTQAKKVAQEFQIVHISTGDILRDAVSKGTELGKMAKAIMDRGELVSDEIMNSLVKERLEELDSFILDGYPRTLDQAKFLDQATKELQKEIDAAVLIDVSEEEIVKRISNRRVCPNCGKVYNLITLQPKEDEKCDVCGTKLIQRDDDKEEVVRERYKVYKKNTEPVIEYYRKNNKIITIDGAQNVEDVTKELFNILRSFNKQ,55,zinc
fervidobacterium_nodosum,MNLIFLGPPGAGKGTYAKRVVEKYIIPHISTGDIFREAIAKGTELGRKVQDIVNSGNLVPDELTNALVEERLKQDDCKKGFILDGYPRTLNQAQALNEMLKKMGKELDGAIYFEVDEETVVQRISTRRVCSKCGKVYNVITLPSKVEGICDDCGGTLIQRDDDKEDIVRSRYRVYIEKTSPLIEYYKNQNKLFTLDGRKSVEEVMKILFNILGGFEKK,70,zinc
thermosipho_melanesiensis,MNIVFLGPPGAGKGTYAKELKEILGIPHISTGDMFREEISAKSELGRKVEDILKRGELVPDDLTNVIVKERLSKPDCKKGFILDGYPRTVAQAKALDEILKKLGRELKFAIYFEVSEDVVVKRISNRRICKNCGKIYNLITLPPKINGKCDVCGGELYQREDDREEVVRRRYKVYMDNTYPVIEYYRKSNKLFTVDGSMDVDSVIKEVLNIIRR,70,zinc
thermosipho_africanus,MNMVFLGPPGAGKGTYAKRLIEMLNIPHISTGDMFREAVASKSELGKKVEEILKRGDLVPDDLTNSIVKDRLSKEDCKNGFILDGFPRTVAQAKALDEIMRSLGKDLDYVIYFEVDEEEVVKRISNRRICSNCGKIYNLITLPPKVDGKCDVCGGTLYQREDDKEEVVRKRYRVYMENTYPVIEYYQKSNKLFTVNGALDVDSVIKEVLNIIRR,68,zinc
bdellovibrio_bacteriovorus,MNLILFGAPGAGKGTQSELLIKRQGMTQISTGDLFRAAIKGQTDLGKKAQEFMDKGQLVPDSIVIGMVEEVLQKGVQNFILDGFPRTVAQAQALDELLVKMNLSIGKAIFLEVPMRILMDRLTGRRVCKNCGAVYHIVSKPSKVEGKCDLCGGEVIQRNDDKAEVIETRLKTYEEFTSPLKEFYKKSGKYTEVDGNRDTEEVYKEIEKIIK,28,zinc
anaeromyxobacter_dehalogenans,MILILLGPPGAGKGTQAKLLSSELGIPHISTGDMFRDHKARGTEIGKQVQAIMDAGGLVTDDITNAMVKERLSRPDVAPGFILDGYPRTVVQAEYLDGLLRSLGRSIDRALSYEVPEELVVERISGRRSCPRCGAVYHVSQNPPHRAGFCDRDDAALVQREDDKPENVRKRMQEYGTKTEPLKRYYRDRGELSDVEGVGTPEGILAVTKKVLGR,28,zinc
thermococcus_sibiricus,MNILIFGPPGSGKSTHSRRIIEKYNLEYIASGDIIRAEINKGNALGREMKKYIEKGDLLPDTVINTLVLSRLRKKRENFIIDGYPRTAEQVLALENFLYDHGIRIKLAIDIFISKEESITRISGRRICRQCGAVYHIKYNPSKVPGKCDICGGEVIQREDDTPEIVSRRYDIYINNMEPIIKFYKGQGVYVQINGHGGIEEVWERIRPLLDYIWNREKKKEEFE,81,zinc
pyrococcus_furiosus,MNILIFGPPGSGKSTQARRIVERYGLTYISSGDLIRKEIAEGTPLGREMQAYLARGDLIPDTIVNTLIISKLRRVRKDFIMDGYPRTPEQVIALENYLYDHGIKIDVAIDIYVSLEESIRRVSGRRICPKCGAVYHVEFNPPKIPGRCDVCGAELVQREDDRPEVVEKRYRIYMKNMEPIIKFYQKQRIYVKINGHGNIDEVWERIRPLLDYIRNREAMI,96,zinc
chlamydia_trachomatis,MDRSPLFLIIMGAPGSGKGTQSKLLASQLSLLHISSGDLLRGAVSKDTPLSQEIKSYLDQGKLLPDTLVWKLVHEKLDEFQQDTLLRRLSFLSRSENSAILDGFPRTVTQAKLLHEFLSSYFPNYKVILLDISDEEVLNRLTSRYICPACQGIYNEQQGFSSCPKCSVELIRRSDDTLEVILDRIQTYKQETQPVLDYYTEKQKLITIDANAPTQQVFQSILDSLSASLVYQERDCCNCDCDDED,37,zinc
mycoplasma_mycoides,MNIMLLGAPGCGKGTQAEQLVNKLNFIQVSTGDLMRKEISLNTRLGLKCQEYMNAGKYVPDQIVNQIVSQFLKNTNDKLIFDGYPRTLEQAKSLEQMLDLYNKKIDYVFYIDVNDQILIKRITNRLVCPLCKASFNLETRKPKQEGLCDFDNTKLVKRSDDSLDKVQIRLQTYKEQTLPLIDYFKTNSKFIEIKADDLSAEQVFNQIKGELKI,37,zinc
erwinia_tasmaniensis,MRIILLGAPGAGKGTQAQFIMEKYGIPQISTGDMLRAAVKAGSELGLKAKEIMDAGKLVTDELVIALVKERITAEDCRNGFLLDGFPRTIPQADAMKEAGIKVDNVLEFDVPDELIVERIVGRRVHAPSGRVYHVTFNPPRVEGKDDMTGEELTTRKDDQEETVRKRLVEYHQMTAPLIAYYSKEAAAGNTAYHKIDGTRKVTEVSAELATILG,28,hbond
shewanella_halifaxensis,MRIMLLGAPGAGKGTQAQFIMEKYGVPQISTGDMLRAAVKAGTPLGLEAKKVMDAGQLVSDELIIGLVKERVAQDDCAAGFLLDGFPRTIPQADAMASSGIALDHVIEIDVPDEEIVKRMSGRRVHPGSGRVYHIVFNQPKVEGKDDVTGEDLAIRPDDEESTVRKRLDIYHEQTKPLVEYYGAVAAKGDVTYNKFDGTQSVATVSDEIVAVLS,16,hbond
shewanella_frigidimarina,MRIILLGAPGAGKGTQAQFIMEQYGIPQISTGDMLRAAVKAGTPLGLEAKKVMDAGQLVSDDLIIGLVKERIAQEDCVKGFLLDGFPRTIPQADAMAENGIEIDHVIEIDVPDEEIVKRMSGRRVHSGSGRVYHVVFNPPKVEGKDDVTGEDLSIRPDDEESTVRKRLGIYHEQTKPLVDYYGKVAAEGRTQYNKFDGTQSVTKVSEQLASVLK,21,hbond
pseudoalteromonas_atlantica,MRIILLGAPGAGKGTQAQYLMGKYGIPQISTGDMLRAAIKAGTELGNAAKRVMDEGKLVSDELIIGLVKERIAQDDCKGGFLLDGFPRTIPQADAMKEAGINVDHVIEFDVPDEVIVERMAGRRVHPASGRVYHLQYNPPQNDGKDDETGEDLVIRADDQEDTVRHRLGVYHEQTKPLVDYYQSEASANNCQYHKIDGTKAVDVVSDQLSSLLG,21,hbond
vibrio_cholerae,MRIILLGAPGAGKGTQAQFIMEKFGIPQISTGDMLRAAIKAGTELGKQAKAVIDAGQLVSDDIILGLIKERIAQADCEKGFLLDGFPRTIPQADGLKEMGINVDYVIEFDVADDVIVERMAGRRAHLPSGRTYHVVYNPPKVEGKDDVTGEDLVIREDDKEETVRARLNVYHTQTAPLIEYYGKEAAAGKTQYLKFDGTKQVSEVSADIAKALA,36,hbond
photobacterium_profundum,MRIILLGAPGAGKGTQAQFIMAKFGIPQISTGDMLRAAIKAGTELGKQAKSVIDAGQLVSDDIILGLVKERIAQDDCAKGFLLDGFPRTIPQADGLKEVGVVVDYVIEFDVADSVIVERMAGRRAHLASGRTYHNVYNPPKVEGKDDVTGEDLVIREDDKEETVLARLGVYHNQTAPLIAYYGKEAEAGNTQYLKFDGTKAVAEVSAELEKALA,13,hbond
vibrio_parahaemolyticus,MRIILLGAPGAGKGTQANFIMDKYGIPQISTGDMLRAAIKAGTELGKQAKAVIDAGQLVSDEIILGLIKERIAQDDCEKGFLLDGFPRTIPQADGLKEMGVEVDYVIEFDVADDVIVERMAGRRAHLPSGRTYHVVYNPPKVEGKDDVTGEDLVVRDDDKEETVRARLGVYHEQTAPLIDYYGKEAAAGKTKYLKFDGTKQVAEVSADIEKALA,29,hbond
aliivibrio_salmonicida,MRIILLGAPGAGKGTQAQFIMDKFGIPQISTGDMLRAAIIKAGTEMGKQAKSVIDAGQLVSDEIILGLVKERIAQEDCAKGFLLDGFPRTIPQADGLKENGVSIDYVLEFDVADEVIVERMSGRRAHLPSGRTYHVTFNPSKVEGQDDVTGEPLVIREDDKPETVLARLGVYHEQTAPLIAYYTKEAEAGKTEYLKFDGTKLVAEVSAEIEKVLS,15,hbond
histophilus_somni,MKIILLGAPGAGKGTQAQFITNKFGIPQISTGDMLRAAIKAGSELGQKAKILMDMGQLVPDDLIISLVKERVAQEDCEKGFLLDGFPRTIPQADALKSVGISIDYVLEFDVPDEVIVERMSGRRVHPASGRTYHIVYNPPKVEDKDDITGEDLILRADDKPETVLDRLKIYHNTTKLLVDYYQAEAAQGNTKYFRLDGTQKVEEVSQELDKILS,37,hbond
actinobacillus_pleuropneumoniae,MKIILLGAPGAGKGTQAQFMMNKFGIPQISTGDMFRAAIKEGTELGKQAKALMDEGKLVPDELTVALVKDRIAQPDCANGFLLDGFPRTIPQADALKDSGVKIDLVLEFDVADEVIVERMSGRRVHQPSGRTYHVVYNPPKVEGKDDVTGEDLIIRQDDKPETVLERLAIYHKQTKPLIAYYTAEAEAGNTRYERLDGTKPVEEVSAELAKILG,37,hbond
legionella_pneumophila,MRLMLLGGPGAGKGTQASLLINRYKIPQISTGDMLRAAIAKGTPLGLSAQKIMESGGLVSDDIIIGLVKERLKNPDCDRGFLFDGFPRTLVQAEALKDAEIHLDHVIEIAVDDEEIIERISGRRIHQPSGRVYHVVNQPPKNPGVDDITGEPLIQRDDDKEETIRKRLQVYHSQTAPLVQYYKEWAETGSKEAPKFHTISGTGTVEQIFDNIVTILET,37,hbond
polaromonas_naphthalenivorans,MKLILLGAPGAGKGTQATFICQKYGIPQISTGDMLRAAVKAGTPLGIEAKKVMDSGGLVSDDLIINLVKERIAQPDCAQGFLFDGFPRTIPQADAMKAAGVKIDYVLEIDVPFEAIIERMSGRRSHSASGRTYHVKYNPPKVEGLDDVTGEPLIQREDDKEETVAKRLEVYSAQTRPLVAYYSDWATEAPDEAPKYRAISGTGTVEEITERAFKALSN,20,hbond
bordetella_petrii,MRLILLGPPGAGKGTQAAFVTQHFAIPQISTGDMLRAAVKQGTPLGQEAKKVMDAGGLVSDEIIIGLVQDRLKQPDCANGYLFDGFPRTIPQADALKSAGVALDYVVEIEVPEDDIIERMSGRRVHPASGRSYHVRFNPPKQEGLDDVTGEPLVQRDDDREDTVRNRLAVYQKQTRPLVDYYASWAQAGDGKAPKYRKISGVGAVDDIKARLFQALAS,34,hbond
neisseria_gonorrhoeae,MKALLLGAPGAGKGTQAQFITAAFGIPQISTGDMLRAAIKAGTPLGLEAKKIIDEGGLVRDDIIIGMVKERIAQDDCKNGFLFDGFPRTLAQAEAMVEAGVGLDAVVEIDVSDSVIVDRMSGRRVHLASGRTYHVTYNPPKTEGKDDVTGEDLIQRDDDKEETVKKRLAVYHEQTEVLVDFYSKLEGEHAPKYIKVDGTQAVEAVKAEVLGALGK,37,hbond
pseudomonas_syringae,MRVILLGAPGAGKGTQAKFITEKFGIPQISTGDMLRAAVKAGTELGLKAKSVMDAGNLVSDDLIIGLIKDRLAEPDCANGVLFDGFPRTIPQAEALLKAGLEIDHVLEIAVDDEEIVKRMSGRRVHEGSGRIYHTIFNPPKVEGVDDVTGESLVQRKDDVEETVRLRLKVYHDQTKPLVEFYSKLEAQNGKPKCSHIPGVGSVEEITAKVLVALS,26,hbond
pseudomonas_entomophila,MRVILLGAPGAGKGTQAKFITEKFGIPQISTGDMLRAAVKAGTPLGLELKKVMDAGQLVSDELIISLVKERIAQPDCAKGCLFDGFPRTIPQAEAMVAAGVDIDAVVEIAVDDEEIVGRMAGRRVHLASGRTYHIVYNPPKVEGKDDVTGEDLIQRDDDREETVRHRLSVYHSQTKPLVDFYQKLSAANAGKPKYSHIEGVGSVESITAKVLAALS,28,hbond
acinetobacter_baylyi,MRIILLGPPGAGKGTQAQLICKRYDIPQISTGDMLRAAIREGTELGLKAKSVMESGGLVSDELIIGLVKERIAQPDCENGCIFDGFPRTIPQAEALENAGITIDHVIEIAVPDEEIVKRLSGRRQHPASGRVYHIEYNPPKVEGKDDVTGEELVQRPDDLEETIRKRLGSYHSETEQLVGFYQGRAASGENAPTYNKLDGLRTIDVVQKDLFAILDETK,31,hbond
chlorobaculum_parvum,MRVILLGAPGAGKGTQAQYISEAFDIPQISTGDMLRAAVKAQSELGMAAKKVMDEGGLVPDDIIIGLVKERIEEDDCANGCLFDGFPRTIAQADALRTEGIRIDNIIEIDVPDEEIIKRMSGRRVHPASGRTYHIVFNPPAVEGKDDVTGEDLVQRDDDTEETVRKRLKVYHDQTEPLVGYYRNLAIEGSDDAPKYSCINGIGQVEQIKQDIIAALKQ,25,hbond
alkalilimnicola_ehrlichii,MKVILLGPPGAGKGTQAAGICERFDIPQISTGDMLRAAVKAGTPLGQQAKKVMDAGELVSDDIIMGLVKERIAEPDCANGFLFDGFPRTIAQAEGLKAEGINVDAVVEIQVPDEDIVQRMAGRRVHPGSGRVYHVEHNPPKEEGKDDVTGEPLVQRDDDQEETVRKRLGVYHEQTQPLVEYYSDWAAKGGDGAPRYIVIKGVGSVDDIRNRILSELERA,29,hbond
methylococcus_capsulatus,MRIMLLGSPGSGKGTQAKYLTERFGIPQISTGDMLRAAVREGTPLGMEAKKIMDAGQLVSDSIILGLIKERIAAPDCANGFLLDGFPRTIVQADALAELGVTLDHVVEIAVDDEEIVRRLSGRRVHPASGRTYHVVFNPPKVEGRDDETGEPLVQREDDKEETIRRRLEIYHVQTKPLVDYYRSKAAQGGVKFHTVPGVGSVEAIRDAVLASLA,41,hbond
cellvibrio_japonicus,MRVILLGAPGAGKGTQAQLIMEHFGIPQISTGDMLRAAVKAGTPLGLQAKDIMASGGLVSDDLIIALVKERISSSDCSNGFLFDGFPRTIPQAEALLEADVHIDHVIEIHVPDEEIVARLSGRRVHEASGRVYHIIHNAPRVEGHDDVTGEPLVQRPDDHEATVRKRLAVYHEQTEPLVGFYQKLVAEGKVKAPKYTRINGIGSVDSIRQQLLDVLR,37,hbond
lactobacillus_delbrueckii,MINLILLGLPGAGKGTASEQIVDKYHLAHISTGDMFREAMANKTPVGLEAKSYIDKGDLVPDEVTAKLVEERLGQDDVKNGFILDGFPRTTNQAELLDEITTHLNKQLTNVIAIDVKEETLIDRLSARFMCKNCGATYNKFSKKPKVEGTCDRCGGHEFYQREDDKPEVVKNRLEVNEKMNAPLKEYYDKKGLLATVNGEQAPEKVFADIDAILSKD,37,zinc
streptococcus_pneumoniae,MNLLIMGLPGAGKGTQAAKIVEQFHVAHISTGDMFRAAMANQTEMGVLAKSYIDKGELVPDEVTNGIVKERLSQDDIKETGFLLDGYPRTIEQAHALDKTLAELGIELEGIINIEVNPDSLLERLSGRIIHRVTGETFHKVFNPPVDYKEEDYYQREDDKPETVKRRLDVNIAQGEPIIAHYRAKGLVHDIEGNQDINDVFSDIEKVLTNLK,37,other
streptococcus_thermophilus,MNLLIMGLPGAGKGTQAAKIVEEFGVAHISTGDMFRAAIANQTEMGRLAKSFIDKGELVPDEVTNGIVKERLAESDIAEKGFLLDGYPRTIEQAHALDETLKALDIKLDGVINIEVNPESLVERLSGRFICRSCGSTYHKVFNPTKVEGTCDVCGGHEFFQREDDKPETVKRRLDVNIAQGEPIIAHYRELGLVSDIQGNQDIDDVFADVKKAIAAIK,38,zinc
lactococcus_lactis,MNLLIMGLPGAGKGTQAEFIVKNYGVNHISTGDMFRAAMKNETEMGKLAKSFIDKGELVPDEVTNGIVKERLAQDDIKASGFLLDGYPRTIDQAHALDTMLEELGIKLDAVVNIVVNPNILVDRLSGRYICRNCGATYHKIFNPTKVEGTCDVCGSHDLYQRADDVPETVKNRLDVNIKESAPIIEHYTELGLVKNIEGEQEISQVTDDIKKVLG,31,zinc
enterococcus_faecalis,MNLILMGLPGAGKGTQAEKIIDTYGIPHISTGDMFRAAMKNETALGLEAKSYIDKGELVPDEVTNGIVKERLAEPDTDKGFLLDGFPRTLDQAKALDTMLKELNKKIDAVIDIHVEEDVLIERLAGRFICRTCGATYHKLFNPPKVEGTCDRCGGHEFYQREDDKPETVKNRLAVNIESSAPILAFYKEQGLMHTIDGNREIDTVFSDVKKIIDEN,36,zinc
limosilactobacillus_reuteri,MSMNLVLMGLPGAGKGTQAQKIVEDFPIPHISTGDIFRAAMKNETPMGIEAKKYIDKGELVPDEVTNGIVKERLAQDDTKDGFMLDGFPRNLNQAAALDEMLAESNRHLDAVINIHVEPDVLVERLSGRFICRNCGATYHKLYNAPKVEGTCDVCGHHEFYQRDDDKPETVKNRLDVNIKLNTPLVDYYQKKGVLHEINGEQDIDKVYEDIKKVLTNLN,36,zinc
bacillus_cereus,MNLILMGLPGAGKGTQAEQIVAKYNIPHISTGDMFRAAMKAETEMGLQAKSFIDKGALVPDEVTIGIVRERLSQEDCVRGFLLDGFPRTVAQASALEEIMKDLGKKIDYVLNINVDSGLLLKRLTGRRICKECGATYHLEFNAPAKADVCDKCGGELYQRSDDNEETVANRLDVNIKQTKPLLDFYEELGYLQSINGEQDINKVFADIDVLIGGLA,30,zinc
geobacillus_kaustophilus,MNLVLMGLPGAGKGTQAGKIVEAYGIPHISTGDMFRAAIKEGTPLGLQAKQYMDRGDLVPDEVTIGIVRERLSKEDCQHGFLLDGFPRTVAQAEALETLLSEIGRKLDYVIHIDVRQEVLMERLTGRRICRNCGATYHLVFHPPAKPGVCDKCGGDLYQRPDDNEATVANRLEVNMKQMKPLLDFYEQKGYLRHINGEQEMEKVFADICEVLGGLAR,55,zinc
geobacillus_thermodenitrificans,MNLVLMGLPGAGKGTQAEKIVETYGIPHISTGDMFRAAMKEGTPLGLQAKEYIDRGDLVPDEVTIGIVRERLSKDDCQNGFLLDGFPRTVAQAEALEAMLAEIGRKLDYVIHIDVRQDVLMERLTGRRICRNCGATYHLVFHPPAQPGVCDKCGGELYQRPDDNEATVANRLEVNTKQMKPLLDFYEQKGYLRHINGEQEMEKVFSDIRELLGGLTR,58,zinc
geobacillus_stearothermophilus,MNLVLMGLPGAGKGTQAEKIVAAYGIPHISTGDMFRAAMKEGTPLGLQAKQYMDRGDLVPDEVTIGIVRERLSKDDCQNGFLLDGFPRTVAQAEALETMLADIGRKLDYVIHIDVRQDVLMERLTGRRICRNCGATYHLIFHPPAKPGVCDKCGGELYQRADDNEATVANRLEVNMKQMKPLVDFYEQKGYLRNINGEQDMEKVFADIRELLGGLAR,54,zinc
bacillus_subtilis,MNLVLMGLPGAGKGTQGERIVEDYGIPHISTGDMFRAAMKEETPLGLEAKSYIDKGELVPDEVTIGIVKERLGKDDCERGFLLDGFPRTVAQAEALEEILEEYGKPIDYVINIEVDKDVLMERLTGRRICSVCGTTYHLVFNPPKTPGICDKDGGELYQRADDNEETVSKRLEVNMKQTQPLLDFYSEKGYLANVNGQQDIQDVYADVKDLLGGLKK,32,zinc
bacillus_licheniformis,MNLVLMGLPGAGKGTQAERIVEDFGIPHISTGDMFRAAMKEETDLGLEAKSYIDKGELVPDEVTIGIVRERLGKNDCDGGFLLDGFPRTVAQAEALEEILKGLGKSIDHVINIQVDKDALMERLTGRRICKNCGATYHLVFNPPAKENVCDKCGGELYQREDDNEATVSTRLEVNMKQTQPLLDFYEDKGYLVNIDGQKHINEVYADIKELLGGRDK,32,zinc
lysinibacillus_sphaericus,MNIVLMGLPGAGKGTQADKIVEKYAIPHISTGDMFRAAIKEGTELGLQAKSFMDQGALVPDEVTIGIVRERLAKPDCEKGFLLDGFPRTVPQAEALDSILADLGKAIEHTLNIQVEKDELIARLSGRRICKTCGASYHLIFNPPAEEGKCDKDGGELYTRADDNPDTVANRLEVNMKQAQPLLDFYQAKGVLTNIDGQQDINKVFADLDALLQSSRS,33,zinc
clostridium_botulinum,MKIVLLGPPGAGKGTQAKSISNRYSIPHISTGDIFRKNISENTPLGMEARSYMDKGLLVPDEVTINMVKDRLQEDDCLSGYLLDGFPRTVAQAEALNEFLENRNEQLDTALLIDVPSEFILDRMTGRRVCTSCGGSFHIKFNPPTIDGKCNLCGSDIVQRKDDTVETVKERIDVYDKQTQPLIEFYKSKNLLSMVDGTKAIDQVFEDICKLLGEQ,37,zinc
methanosarcina_acetivorans,MNIILFGPPGAGKGTQAKKLVDFYGIPQISTGDILRANVREGTELGLAAKAYMDKGELVPDQVLIGIIKNRLNEADCEKGFILDGYPRTVPQADALEAILDEIEKPIDVVLNLEVPDEVLVGRISGRLMCKCGASYHIISNPPKKDNVCDICGGEVFQRADDTAEAVQNRLDVYKKQTQPLINYYKEKGILVTLDGTKEIDVVFEDLKAILAKFA,37,zinc
geotalea_daltonii,MNLILLGPPGAGKGTQAKLLIKKYRIPQISTGDILRAAVKDMTPMGGKAKSFMDAGALVPDEVVVGIIQERLNLADCSNGFILDGFPRTVAQADALAKVLSGLGRSIDHVISIVVDNEELLERVTGRRTCRNCGKGFHVSFDPPKSSGICDECSGELYQRDDDREDTMRKRLEVYWQQTSPLVEYYKNKSLLRSVEGVGSMEEIQQKIVSILQG,30,zinc
methanococcoides_burtonii,MNVVLFGPPGAGKGTQAKELDKHYQIPHISTGDILRANVRDGTKLGKEAKGYMDKGELVPDEVLIGVIKNRLAESDCKPGYLLDGYPRTTPQADALSSILVEIGMPLEVVLNIDVADEELVTRLCGRYVCTCGESYHMKFNPPKKENVCDACGADLYQRDDDKEDVIRQRLDSYKEKTQPLISYYGEKGLLVDIDGTGAIDRIFSDICKTLDQYK,21,zinc
trichlorobacter_lovleyi,MNLILFGPPGAGKGTQAQFLVETYGIPQISTGDMLRAAVKAGTPLGVKAQEIMIQGGLVSDDIVLGIVAERLAQDDCAAGFVLDGFPRTIPQADALSVILKQVGRAIDHVISLEVDGEEIVNRLSGRRSCSSCGKGYHLVFDPPLRAGVCDVCGSGLVQRADDQEETVRNRLLVYEQQTAPLKDYYRSRQVLCSIPGIGSIVEIQQRIAAALVE,26,zinc
heliomicrobium_modesticaldum,MNVLLMGPPGAGKGTQAEMLVSRFAIPHISTGDMFRAAIKNETELGRKAKAFMDAGQLVPDEVTIGIVRERLAQDDCRQGFLLDGFPRTVPQADALEETLKELGLELDAVIDIHVPRERLIERLTGRRICRQCGATYHVLFNPPPTEGLCGKCGGELYQRSDDSRETAENRLDVYTRQTQPLIEYYEAKGRYKRIDGEQDMAAVFKDICAALGRDAE,50,zinc
desulfitobacterium_hafniense,MRAILMGPPGAGKGTQAADLITRYQIPHISTGDMFRAAIKAGTALGMKAKEYMDAGSLVPDEVTIGIVAERLAEPDCSKGFLLDGFPRTVAQADALDKILTQLKMNLDGVINIEVPEAKLLERLTGRRICRQCGGTYHMVFNPPAAEAVCDKCGGELYQRSDDTLETAKNRLQVYNDQTQPLIDYYREKGLLKEINGDQDIAQVLQDIVDAMEHGHD,37,zinc
methanocella_arvoryzae,MQFVLFGPPGAGKGTQAKFLSEELNVPHISTGDILRENVKKGTALGLKAKSYMDKGELVPDNLLIDLIKDRLSQPDCRKGFLLDGFPRTIPQAEALDEILDDINKKLDGVINIDVGSGELIRRLSGRRICRSCGASYHLVFNPPKAKDLCDSCGGELYQRDDDKEVAIKNRLDVYVRQTQPVLEYYKKKNLLIDIDGEKEIDEVTADVKAAIRKLA,45,zinc
thermodesulfovibrio_yellowstonii,MRLVFLGAPGAGKGTQAKRLVEKYGIPQISTGDLLRAAVAAGTPLGKEAKAYMDRGELVPDKVVLGMVKERLSQNDCKKGFILDGFPRNVAQAEALDKMLSEMNMPLDLALNLDVPFDDLMKRLTGRRTCKSCGQMYNVYYSPSKVEGKCDKCGGELFQRDDDKEETIRKRLEVYRAQTEPLIDYYSKKGILKSVSGTGSIDEIFNSICAILEKK,60,zinc
archaeoglobus_fulgidus,MNLIFLGPPGAGKGTQAKRVSEKYGIPQISTGDMLREAVAKGTELGKKAKEYMDKGELVPDEVVIGIVKERLQQPDCEKGFILDGFPRTLAQAEALDEMLKELNKKIDAVINVVVPEEEVVKRITYRRTCRNCGAVYHLIYAPPKEDNKCDKCGGELYQRDDDKEETVRERYRVYKQNTEPLIDYYRKKGILYDVDGTKDIEGVWKEIEAILEKIKS,81,zinc
alkaliphilus_oremlandii,MRLILLGPPGAGKGTQAASIVEKYHIPHISTGDIFRYNIKQGTELGKKAKSYMDQGLLVPDEVVVEIVEDRLKKEDCENGFLLDGFPRTVVQAEALDKALVDMNISLDKVINIQVDKERLIERAVGRRICRECGATFHVQYNPSTKGALCDQCGGELYQRDDDNEETVTRRIEVYLSETTPLVEYYSSQNKLVTIDGDKKINEVFANIVTSLGSDL,29,zinc
syntrophomonas_wolfei,MNIILMGPPGAGKGTQAELLKARFPIPHISTGDIFRDAVNQGSELGQEAQKYMSSGQLVPDEITTAIVKERITQADCDSGFLLDGFPRTTDQAQALDQSLAELGKKVDLAINIDVPTQLLIERLSGRISCRECKRVYNLNFNPPREQGKCDSCGGELVQRNDDRGETVVKRLEVYNQQTRPLLQYYEAQGVLFNIEGSRGSGQVFADIQEKLESL,36,zinc
symbiobacterium_thermophilum,MHIILMGPPGAGKGTQAVLLAGQEGIPHISTGDIFRAHMSQGTPLGKLAKEYVDAGKYVPDDVTNAMVRDRLAQPDCKKGFVLDGYPRTPEQARALDEMLAELGLALDAVINIDVPDELLVERAVGRRVCRSCGATYHVRFNPPREAGRCDRCGGELYQRSDDQEEKVAVRLNLYHSQTAPLLQFYKERGLVRTVRGDQPMDQVTADIKEAVRASR,60,zinc
moorella_thermoacetica,MRLVLLGPPGAGKGTQAREINQRLAIPHISTGDMFREAIKRGTPLGRQAEVYIKGGRLVPDEVTIGLVQERLVQPDCRNGFLLDGFPRTVAQAEALDSWLSSRGERLDAVIDIEVPRDALLERLTGRRVCRQCGATYHVRYNPPAVPGKCDACGQDLVQRADDTEATVNKRLDVYNEQTAPLVNYYRQRGLLKEIDGSQAIPAVILAIGRALGRDWQ,59,zinc
natranaerobius_thermophilus,MRIILMGPPGAGKGTQAEKLSKELDVPHIATGDIFRKAVSEGTELGKEAKSYMDAGQLVPDDVVIGIVEERLKKPDCHEGFILDGFPRTVTQAEALDKVLSDNPLTAAVYIDVSKDELIDRLSGRRICRKCGKSYHIKFNPPQVRGVCDEDEGELYQRDDDNEETAKERLEVYLENTQPLVEYYQDRGILKKIDGTKSPEEVFRDILKAVQAKQ,50,zinc
caldanaerobacter_subterraneus,MRVVLLGPPGAGKGTQALKIAKEFDIPHISTGDIFRQNLRDNTELGKLAKEYMDKGLLVPDEVTNRIVEDRLEKEDCKKGFLLDGYPRNIPQAEELDKFLEERGHSLTAVINIQVEREALIDRITGRRVCPVCGATYHIKTSPPKVDNVCDKCGSELIQRSDDKLESVVKRLEVYEKETKPLIDYYTKKGILVNIDGNKSIDEVFEDIKKALLGDRRDDIH,69,zinc
salinispora_arenicola,MRLVLVGPPGAGKGTQAEFVAAHLAVPKISTGDIFRSNVSQGTPLGVQAKRYMDAGELVPDEVTINMVRDRLAEPDASEGFLLDGFPRTTPQAAALDKLLVDLGTALDLVLELVVDDDEVIRRLSGRRTCRGCGKVWHVEFDAPSQEGRCDRCGAELFQRDDDKPETVATRLREYADKTAPLVDYYGAQGKLVGIDATGPVEDVTVRAIDALRSYSG,27,zinc
streptomyces_coelicolor,MRIVLVGPPGAGKGTQATRLAETLHIPHISTGDLFRANISQQTELGKLAKSYMNAGNLVPDEVTIAMAKDRMEQPDAEGGFLLDGFPRNVSQAEALDELLETEGMKLDAVLDLEAPEDEVVKRIAGRRVCRNEPKHVFHVTYTPPKKEGVCDVCGGELYQRDDDSEETVRKRLEVYHTQTEPIIDYYKSQGLVATIAATGPVDEVTRRALEALKRDQ,26,zinc
haloarcula_marismortui,MSNPRILIVGPPGAGKGTQSANLAEAYGVEHITTGDALRANKDMDISDMDTEYDTPREYMEAGDLVPDAVVNAIVDEALSQADGFVLDGYPRNLEQAEELEGMTALDVILSLDVSREELVDRLTGRRVCDDCGTNYHVEFNQPEEDGVCDECGGDLIQRDDDNEESVRNRLDVFDDNTAPVIDHYGDHDGFVAIDGEQTPDEVWSEIQDAVDAHTA,37,zinc
halobacterium_salinarum,MSHPNVLLLGAPGAGKGTQSRRLVDEFGVEHVTTGDALRANKTKDITHLDVEYDTPGAYMDAGELVPDAVVNEIVKTALDDADGYVLDGYPRNESQTEYLDSITDLDVVLYLDVDEDELVGRLTGRRVCEDCGATFHVSFNQPETEGVCDACGGSLYQREDDTEETARERITVYEENTAPVVEYFREQGVLAEVDGERTPDEVWTDVAAAVDERTA,37,zinc
psychromonas_ingrahamii,MRIILLGAPGAGKGTQAQFMMDKYGIPQISTGDMLRAAAKAGTELGLKAKELMDAGQLVSDELIIDLVKERISAEDCAKGFLLDGFPRTIPQADAMKTAGVAVDFVLEFDVPDEEIVKRMAGRRVHAGSGRTYHIVYNPPKVADKDDVTGDDLSIRPDDEESTVRKRLDIYHTQTEPLVAYYKNEAGQGNGEYHKFDGTKTVDVISAELATVLG,10,hbond
shewanella_loihica,MRIMLLGAPGAGKGTQAQFIMEKYGVPQISTGDMLRAAVKAGTPLGLEAKKVMDAGQLVSDELIIGLVKERIAQDDCAKGFLLDGFPRTIPQADAMAASGIDIDHVIEIDVPDEEIVKRMSGRRVHPGSGRVYHIVYNPPKVEGKDDVTGEDLAIRPDDEESTVRKRLGIYHEQTKPLVEYYGKVAEQGKLTYNKFDGTQSVGAVSEAIVKAIG,21,hbond
alteromonas_mediterranea,MRIILLGAPGAGKGTQAQFLMGKYGIPQISTGDMLRAAIKAGTELGLEAKRVMDEGKLVSDEIIIGLVKERIAQDDCKDGFLLDGFPRTIPQADAMKEAGVSVDHCIEFDVPDDVIVERMGGRRVHPASGRVYHVVYNPPKVEGKDNETGDDLIVRDDDKEETVRKRLAIYHEQTKPLVNYYSAEAEAGNCEYHKLDGTRPVEEVSAELAERLG,23,hbond
marinobacter_nauticus,MRIIMLGAPGAGKGTQAQFITERFEIPQISTGDMLRAAVKAESELGLQVKEVMASGGLVSDDIIIALIEERIQQPDCKNGFLLDGFPRTIPQAEALKDQGIAIDYVVEISVEDEEIVSRLSGRRVHEGSGRIYHVKYDPPKVEGKDDETGEALIQREDDKEETVRKRLKIYHEQTAPLVGFYQSWAEKAPADAPRYVRVEGVGSLDSIRDQILSQLK,29,hbond
jeotgalibacillus_marinus,MNIVLMGLPGAGKGTQAEQIIEKYEIPHISTGDMFRAAIKNGTELGLKAKSFMDQGNLVPDEVTIGIVHERLSKDDCQKGFLLDGFPRTVAQADALDSLLTDLGKKLDYVLNIKVEQEELMKRLTGRWICKTCGATYHTIFNPPAVEGICDKDGGELYQRIDDKPETVKNRLDVNMKQTQPLLDFYSQKGVLKDIDGQQDIKKVFVDINDLLGGLR,11,zinc
acaryochloris_marina,MRLVFLGPPGSGKSTQAQAGAARWQIPSISTGDLLRDAIATQSDLGKQAQTHVEAGELVPDTLMVGLMRESFGSPATQNGWILDGFPRNLAQTQALDTLLQIMGQLYGQVVYFETPEDLLIERMLKRGRQDDSEDLIRQRLQIYNDQTTPLIDFYRRRQCLIEIDGSRPESEITDEIASALQPLVSV,20,lidless
acetohalobium_arabaticum,MHIILVGPPGAGKGTQAARLVDEFGIPHIATGDIFRSAIKNETPLGKKAKEYIDQGQLVPDEVTVGMVENRLAEDDCQEGFILDGFPRTVAQADALKDILTDLGIELDAVLNIEVGEEEVVKRLSARRVCSECGASYHLEFDPPQKENTCDKCSGELYQRDDDEPETIKERLEVYKEKTEPLIDYYQKTGDLKSIDGEAAPKEVFTRIKQELS,37,zinc
acetomicrobium_flavidum,MRMIFLGPPGAGKGTQAVKLAAKYGIAHISTGDMLREHVKSETDLGKQAKSYMDSGRLVPDELIIEMVKKRLREDDAKRGFILDGFPRTVKQAEALDELLESEGIKLDAVVFLDVDEETLVRRLSGRRICLNCNAIYNVYNADYPEDGHCRNCGAKLIQRDDDRPEVVRQRLDVYRKDTAPLLAYYKGRGNLVTVDASSDSGEVLRAIEELCGGKNDPN,53,zinc
acidimicrobium_ferrooxidans,MGDAALRLALLGRQGAGKGTQAVRISHHFAIAHIATGDILRAAVRAGTPFGEKAKAYLDRGELVPDAVIIGVVAERLSEADATRRGFVLDGFPRTVEQAEALEGLLAPHGLDVVIDLEVPEWLVLERLASRRVCSVCGANYSTSMPPRVDWTCDLCGGEVVQRADDTEEAIRRRLDAYERQTTPLIEYYRERELLEVVDGVGGPEEVMERILEALARHGVVEEGR,45,zinc
actinocatenispora_sera,MSIAASCLMPLRANVAEGTELGREAKGYMDAGELVPDQVVINMVRDRLAEPDAEDGFLLDGFPRTVPQAQELDKMLADLGTGLDLVLELVVEEEEVIRRLSGRRTCRGCGKIWHVEFDPPAVAGVCDRCGAELFQRDDDKPETIAERLRVYARDTQPLVAYYGAQGKLVGLDAVGPVEDVTQRAYDALASYGG,28,zinc
agromyces_subbeticus,MTGGEARDGANRAAASARFLIVGPQGSGKGTQGVLVAEAYGVPQVATGDIFRANVAGGTELGKRVQAIIDAGDLVSDELTSELVRDRLSQPDAAGGFVLDGYPRNRGQVADLDAFLERRGESIDAVIELEVPHAESMARLQQRAADQGRTDDTEEAIANRLAIYERETAPILDVYRPRGVVVRIDGVGTLVEVTQRIFQALASRGLAPRHPGTAA,29,lidless
allofrancisella_guangzhouensis,MRIILLGAPGAGKGTQAKIIEQKYSIAHISTGDMIRETIKSGNAIGRQLKEILDSGQLVSDEFIIKIVKNRISKEDCKNGFLLDGVPRTIVQAEQLDKLGVNIDFIIEINVDDKLLIERITGRRIHPASGRTYHIKFNPPKVEGKDDVTDEDLVTRSDDNEATVKERLFVYREQTSNLIEFYKNFKSNNTKTPKYIKINGDQPVEKVSQDIFDHLN,30,hbond
asanoa_hainanensis,MTKGSMMRVLMVAPPGAGKGTQGAVIATHFGIPHIATGDLLRDHVARRTPLGQAVQARLDQGELVPDDIVLDMVREALAEAAATGGGYVLDGVPRTMAQARATYQIALELGMTADVALHLKADDRELERRLLARAALEGRSDDTVETIRRRLRVYHELTHPIVAWYGDRGILVTVDAMRPADQVGREILAALEVMRSFVDRSPEEPRRAVDLSGLGAAFGELGAALP,28,lidless
bartonella_quintana,MRVVFLGPPGSGKGTQARMLTEEYRIPQLSTGDMLREVISRETEVGRKAKAIINAGALVSDSIVNQIVSNRINESDCINGFVLDGYPRTVGQAEVLQQILQSKNMQLDAVIELIVDENALIERMKKRVQETIAVGGQVRSDDNHVAFAKRLVEYREKTAPLSKFYSERGLLKVVDGMMAVTEVSRVIRGFFK,37,lidless
pseudobdellovibrio_exovorus,MNIILIGAPGSGKGTQSRRFIDKFGFVQLSTGDVLRAAIAAKTETGLLAQSFMDQGKLVPDEVMISLVDGYMTQQAGKSVIFDGFPRTVAQAESLNDMLKKRASKIEKVVYFKINPQILVKRLTGRRTCSQCGEIYHIETKPSSKGDLCEKCNGPLVHRADDREDVINERLAQFEKNTGPTIEFYRKQGNLAEVDSDQEPDVVFEQITKILGLAN,29,zinc
bombiscardovia_coagulans,MVQRLLIMGPQGVGKGTQAALLANNYGIPAISTGDIFRYNLKNGTPLGKEAQGYIDKGELVPDELTNKIVADRLGMEDAKAGWILDGYPRSASQVQALDVMLDQLQTPLTAVVALNADRDVLMERMKKRAEIEGRADDTPEVIAKRLDVYAKETEPLLSIYKERGLLIQVDGVGAIDEISSTIIAQLSERG,37,lidless
brachyspira_pilosicoli,MINIIFIGAPGSGKGTQSELIEKEYSISHISTGDMFRENIANGTELGKTAKGYMDKGELVPDSLVIDMLFDRLKKDDCKKGFMLDGYPRTMEQAKELDKLLEKLNYKIDAIINLSVAENIIIKRLLNRGRSDDNEETIKNRIKVFESQSKPVLEYYKDKVYIIDVESLENETPEDIYKKIKKGLDGIKK,37,lidless
brucella_vulpis,MRLILLGPPGAGKGTQAGLLTKKHGIPQLSTGDMLRAAVAQQSEIGKRAKAVMDAGQLVSDEIVNQIVSERIDAPDCANGFILDGYPRTVPQAQALSQMLSGKGLKLDAVIELKVDENALVKRMESRVAETIAKGGQVRSDDNLEAFRKRLVEYREKTAPLSNYYAGTGELRVINGMAPVEEVTAEIERILVPAWLAGMKIEGT,37,lidless
bryobacter_aggregatus,MNGEHSPQAFQAVVLFGPPGSGKGTQAKLLVERLGLPHVSTGDMLREHIQLGDALGLQVREVIKAGNLVPDELVIRLVEERLNRPDCRPGVLLDGFPRTIDQARILLGMAEGRGLRLLVIHLKVDYDVITARLTGRRICPQCGTLYNIRLKPPIVPGRCNIEGARLIVREDDKESVIRQRLVAYDAQTMPVLQFFAERVDFFEVDGSNRKPEDLSDEIVNWIQTTVQEGKAS,26,zinc
capnocytophaga_ochracea,MIVLITGASHTGKTFLAQKLLEKYKYPYLSIDHLKMGLIRSGYTKLTLENDKALTDYMWPIIREMIKTAIENKQNLIIEGVYIPFDWEKDFTKKYLEDIKCYCLVMSENYIKTHFDDIKKYAKVIEKRLDDDWCTMESVLDDNAQFLALAKKHNTNFILIDDKYKVNIEL,37,lidless
chitinophaga_pinensis,MVNIILFGPPGSGKGTQSANLISKFGLIHLSTGDLLRSEIEAKTPLGLEAKKVMDQGILVPDEVVIGMISSKLDANPEARGFIFDGFPRTTAQAEALDKLLSLKKTAISNVLALEVPEDELIARLLNRGITSGRSDDANEDVIRARIVEYHNKTAPVADHYAKYGKFKKIKGEGSVDEIFDRLSKEIESLVEEKV,23,lidless
chondromyces_apiculatus,MIVILLGPPGSGKGTQARTICQQLGGIPQLATGDMLREAKRAGTLEKRYLDIMDAGGLLPDEAVIGLIETRTANPDCQAGFLLDGFPRSVGQAEALDAMLATRGREIDAVVLLDVPRSLLEERVVHRRSDKLTGQIYHLLYNPPPRGIELEHRADDRPEAVGKRLDSYEAITAALLPFYEQRQLLCRVNGVGSPDDVTHRVMLSIKDTMRGADQDPSRVGSTGKA,29,lidless
chrysiogenes_arsenatis,MRFILLGAPGAGKGTQGSRLSAEYQIPVISTGDILRAAVKAGTSLGTLAKSFMEQGKLVPDDVIIGIVRDRLAESDCANGFILDGFPRTVAQADALGKMLQQNYGVTLDAVVSIVVHEEELVERIAGRRVCEQCGASYHVAVARPQSDGICDQCGGKLSQRKDDNEETVRSRLQVFNEQTAPLVDYYQQTGLLREIDGMGDMAKIYSDIVCVLKK,28,zinc
dactylosporangium_aurantiacum,MRVLMVAPPGAGKGTQAAVISAHFNIPHIASGELLRDHVARRTELGAAVKEHLDRGELVPDSVIMAMIRDALTAAKAAGGGYVLDGVPRTMAQAKATYLIARELGMTADVALHLTASDDELLRRLQARALVEHRSDDTEDVIRHRLRLYYEVTHPIVAWYRRRGILVTVDAMRPAKDVAHEVIAALEAKQAEPRAEDPAPDDGWGLDLSGP,29,lidless
deinococcus_proteolyticus,MTQATNQVVIFLGPPGAGKGTQAERLAAAYGLTKVSTGDILRDHVARETALGQQVAPILAAGQLVPDDILVALIRDRICTMEPVRIIFDGFPRTQAQANALDLLLEELGAPVSAAVLLEVPDEELIGRIVERGRQAAAAGEPVRSDDTEEVARRRQEVYRQETAPLIEHYQRTGRLTEVDGTGTMDEVYARIEQVISTAR,30,lidless
desulfatibacillum_alkenivorans,MRILFFGPNGSGKGTQGSIVKDKYNIPHIESGAIFRENISKGTEIGKKAKEYIDRGDLVPDEITIPMILGRLQADDCANGWLLDGFPRSKEQAVKLDEALKEANMALDVVIEMILDRQIAKNRIMGRRLCENDNNHPNNIFIDAIKPDGDKCRVCGGALSARSDDQDEDAIDKRHNIYYDTDTGTLASAYYFKAIAEKDGSLKYVTLNGEPSVPEVTEELVGKLG,30,zinc
desulfurella_acetivorans,MILILLGAPGVGKGTQSQNIIKKYSIVQISTGDILRNEVKNETELGLTAKQYMEKGELVPDDTIIKMIEKRISQPDCANGFLLDGFPRTIEQAKSFDKMIKQKGLDLDKVIYIDVADDEIIDRLTLRRVCPTCGAIYHLKNKPPKQDMICDICGSKLIQRSDDTKETVENRLKVFKEHTKPLIEYYEKQGKLNSVSGLGTVDEVFSRILTALSSI,55,zinc
desulfurobacterium_atlanticum,MIKVVFLGPPGAGKGTQAVRIAEKFNVPHIATGDILRAAVKEGTELGKLAKSYMDRGELVPDDVIIGIIRERLSQDDVRSSGFILDGFPRTLPQAEALDELLSSINMELDKVIYLNVDDEEIVKRLLSRGRADDNEDVIRNRLEVYRKQTAPLIDYYKGKGLLAEINGVGDIDEITQKIVEAIGVNG,70,lidless
desulfurobacterium_thermolithotrophum,MLKVVFLGPPGAGKGTQAVRIAEKYNVPHISTGDILRAAVKEGTELGKLAKEYMDKGELVPDDVIIGIIRERLSQSDVRERGFILDGFPRTLPQAEALDKMLAELGLPLDKVVYLNVDDEEIVKRLLARGRADDTEEVIRNRLEVYRKQTAPLIDYYSEKGILVEICGVGEIDEITKKIEESLGLNG,70,lidless
dietzia_alimentaria,MRLVLLGPPGAGKGTQAALLSEKLGVPHISTGDLFRANISQGTDLGKEAKSYIDAGNLVPAEVTNRMVAARIAEPDATEGFLLDGYPRSAAQADALKEMLGEAGHTLDAVLEFKVDDDTVVKRMLARGREDDTEDVIRNRMSVYRSETAPLLEYYAGEVKSIDAVGEVDEINARALAALGR,28,lidless
rickettsiella_massiliensis,MRIILLGSPGAGKGTQAKFIAEHYALPIISTGDMLRAAVSQGTPLGQHAKTLMESGQLLPDELMIQLVEERIRAPDCEAGFLLDGFPRTLPQAEALRRQKVPIDLVIEIATEDEEIVRRLSGRRIHPASGRVYHLHYHPPRIPNRDDQTGEVLVQREDDQEVTIRERLRVYHQQTKPLIAYYRDWQRTGDAHAPAYVQVDGSASVDHVRQQIIEVLNPWSWAQSRK,28,hbond
dissulfuribacter_thermophilus,MRLILLGGPGAGKGTQANFIKEKFGIPQISTGDMLRQAVKDGTELGKEAKKYMDSGQLVPDDVIIGLVKERIKEPDCEKGFLFDGFPRTIPQAEAMKEAGVKIDYVVEIAVPDEEIIKRMSGRRVHLPSGRTYHIIYNPPKVEGKDDVTGEPLVQREDDKEETVRKRLEVYHAQTEPLVEFYKKWEESGDPNAPKYIRIDGVGTVDEIKERIFKALGA,60,hbond
effusibacillus_pohliae,MQVIFMGLPGAGKGTQAERIVEEFGIPHISTGDMFRAAMAEGTPLGLKAKEYVDRGQLVPDEVTIGIVRERLSRSDTKKGFLLDGFPRTVPQAEALETALDEMGRKIDVVIHLEVKRETLLERLTGRRICRSCGATYHVIFNPPKEEGKCDKCGGELYQRADDSVETVATRLDVNIRQQEPLLRFYETRGLLRSVNGEAEIDEVFAQISNILRGVE,55,zinc
eggerthia_catenaformis,MNIILMGPPGAGKGTQAKKLVEEFGLTQISTGDLFRKAHAEQTDIGIIADYFTKFGRLVPDDVTNEMVTEYFKNNLKDMKNGFILDGYPRTIVQARELEFMAAHFGFKIDAVINLEIDPEILKARLSGRRTCRQCGTTFHIVYKPPRIEGVCDVCGGELYQRADENEEAVKARLDTYLKQTKPLIDYYQMKKELTNINGAQTMEDVYKDIKKCLEGKK,37,zinc
adlercreutzia_mucosicola,MNIVLLGAPGAGKGTQAAKLVEEFSLPHISTGDMLRAAVAAGTELGLKAKSYMDAGDLVPDDVIIGLVTERLQDSDTANGFILDGFPRTSAQAVALDAELGKLGRPLDGALLIDVDPEVIVGRLTSRRMCRDCGYIGSAADGDVCPKCGGEMYQRDDDNEATVRNRLDVYETSTSPLIDYYRGCELLVTIDGDRDPEVVYADVKEALA,37,zinc
escherichia_coli,MRIILLGAPGAGKGTQAQFIMEKYGIPQISTGDMLRAAVKSGSELGKQAKDIMDAGKLVTDELVIALVKERIAQEDCRNGFLLDGFPRTIPQADAMKEAGINVDYVLEFDVPDELIVDRIVGRRVHAPSGRVYHVKFNPPKVEGKDDVTGEELTTRKDDQEETVRKRLVEYHQMTAPLIGYYSKEAEAGNTKYAKVDGTKPVAEVRADLEKILG,37,hbond
faecalibaculum_rodentium,MILLISGTTHTGKTLLAQHLLEKTGCSYLSMDHLKMGLIRSGMTDLTPQDDDTLTDFLWPILREIIKTAIENRQNLILEGCYVPFDWRKEFTADYLRDIHDLWLVMSSDYIRTHLRDIEAHGCDIEQRLENHVDPDSLIQENRKILAGCRENGCTYFLIDQAYPMDLADQTLNQIRKGER,37,lidless
ferrimicrobium_acidiphilum,MVAGHPLRLVVVGRQGAGKGTQCVRVSHRYAIPHISTGDMLRAAVAADSPFGQLAKSFMDRGELVPDSVINGVIAERLEQPDARLRGFVLDGFPRTREQAVALNDLLAPASLNMVINLEVPVDLVLRRLSSRRVCSVCGSIYSDELPPRTPGICDNCGGELIQREDDTEAAILRRLEIYEQTTTPLLGFYTEMNLLEIVDGVGTPEVVLGRISEVLASHGFFEGGR,32,zinc
fervidobacterium_islandicum,MNLVFLGPPGAGKGTYAKRVVEKYNIPHISTGDIFREAIAKGTELGKKVQDIVNSGNLVPDELTNALVEERLKQPDCANGFILDGYPRTLNQAQALDEMLSAMGKILDAAIYFEVDEETVVQRISTRRVCSKCGKVYNLITLPPKTEGICDDCGGQLIQREDDKEDVVRGRYRVYIEKTSPLIEYYRNQNKLFTLDGRKSVEEVMKMLFNILGGIEKK,63,zinc
fibrobacter_intestinalis,MAISAVLIFGAPGSGKGTVGAKLAATTSLKHLSTGDIFRGIAPSSESGKLLASYSSKGLLVPDEATVKIFERYVEGLVNTNKLNPEKDTLLLDGIPRTVAQVDLIRPIVDVKHIFVLDIQDEATIVARLLNRAKIEGRKDDADENVIKNRLNVYKDSTAKVLEKYDPKIISHIVGDNTPDEVFCDVLRAYVNFKKNA,37,lidless
flavobacterium_hydatis,MINIVLFGKPGAGKGTQAEFLKEKYKLTHLSTGDIFRFNLKNDTDLGKKARVFMDNGELVPCEVTTAMLIDEVNKHLDTEGFLFDGYPRTLDQARALDEFLPTIGSSVTATIALEADDEILVARLLERGKTSGRADDQDEEKIRVRYQEYNEKTAPLIGYYKEQNKFHAVNGIGSIEEITERLTSVIDNL,25,lidless
gemmobacter_aquatilis,MTDATTLTTPAVLILLGPPGAGKGTQARMLEEDFGLVQLSTGDLLRAAVAAGTEAGKKAKAVMEAGQLVSDDIVLAILKDRMAEPDVAKGIILDGFPRTAGQAAALDTLLAGNGQKVTAAISLEVDDEAMVGRVSGRYTCAKCGEGYHDEFKRPAHAGTCDKCGGTEFKRRADDNAETVRERLNAYHAQTAPLIAYYDGKGVLEKIDAMGAIADIRQTLARIVKRVSA,30,zinc
glaciecola_punicea,MRIILLGAPGAGKGTQAQFLMNKFGIPQISTGDMLRSAIKAGTEMGLAAKKVMDTGNLVSDDIIIGLVKERIAQADCENGFLLDGFPRTIVQADAMKEAQVKIDNVIEFDVPDDVIVERMSGRRVHPASGRVYHISYNPPKVEGKDNETGDDLIVREDDKESTVRDRLAVYHTQTEPLIEYYSSAADEGVCVYNKLDGTQSVDVVSSQLSTLLY,10,hbond
halorhodospira_halophila,MRLILLGPPGAGKGTQAAHICEAFGIPQISTGDMLRAAVKAGTPLGQQAKKIMDEGGLVSDDIILGLIEERVAQADCANGFLFDGFPRTIAQADGLNDQGIRIDAVVEIQVPDEEIVDRMAGRRVHPGSGRVYHVTHNPPRQEGKDDVTGEDLVQREDDREETVRHRLGVYHEQTRPLVDYYSQWAQKGGADAPAYITVDGQRPVETVRDEILAALKAR,25,hbond
helicobacter_acinonychis,MKRLFLIIGAPGSGKTTDAELIAKNNSATIAHFSTGDLLRAESAKKTDRGLLIEKFTSQGELVPLEIVVETILSAIKSSEKGIILIDGYPRSVEQMNALDKELNAQNEVVLKSVIEVEVSEKTAKERVLGRSRGADDNEIVFHNRMHVFLDPLIAIQNFYKAKKVYKTINGERSIEEIVHEMQEYILSFGN,37,lidless
helicobacter_rodentium,MKKLFLVIGAPGSGKTTDAEVISKNNSESMVHYSTGELLRAEVASGSELGKLIDSYTSKGNLVPLEIVVKTIVDAISNAIKDIVLIDGYPRSVEQMVELDKILQNKSDIALVSVIEVEVSEKTACDRVLGRARGADDNVEVFNNRMKVYQTPLQEIQDFYSKKGILKKINGERTIEEITAEMEAFIKSKI,37,lidless
hydrogenobacter_thermophilus,MILVFLGPPGAGKGTQAKMLSEELGFKHISTGDMLREAVKNATPLGLKAKEYMDRGDLVPDDIVIAMVEQVVLKEKKVILDGFPRTIAQATSLDSMLKKHGREVSKVILFEIDDEVIVDRLTGRRICPNCGAVYHLKFSPPKEDQICDICGTKLIQRQDDTEEVIRRRLEVYRRQTAELIDFYKRQNKLISLDAQKSIEELYKDLKKAVEDEY,70,zinc
kushneria_avicenniae,MRLILLGAPGAGKGTQARFICERFDIVQISTGDMLRAAVKEGNELGLRVKEIMSAGQLVSDDLIIELVRERIAQPDCANGFLFDGFPRTIVQADALKDAGIDLDHVLEIHVADEEIISRLSGRRVHPGSGRVYHIDNHPPLKVDIDNETGEPLIQREDDREETVRHRLEVYHDQTEPLIAYYQQLQEQDPQRAPAFHRVEGVGSVEDIRSRVVEALTS,29,hbond
lachnospira_multipara,MDRKKIIIIGCPGSGKSTFARRLHDVTGLPIYHLDNLFWKADRTHISRDEFDTRLNEYMQGDCWIIDGNYSRTYEIRIAACDTVIFLDYGEEVCMQGITNRVGKVREDMPWIEDELDPELVEMVQQYETQNKPVLQDLFRKYPEKEVITFYNRDEAMKWLVSEYIVV,38,lidless
lactobacillus_crispatus,MINLILLGLPGAGKGTASERIVDKYHLTHISTGDMFREAMANKTKVGLEAKSYIDKGNLVPDEVTAKLVEERLSQPDIKEGFILDGFPRTTVQAELLDGITKRLEKPLTNVIALEVDEDTLIKRLSARYMCKNCGATYNKLSKQPKVEGTCDRCGGHEFYQREDDKPEVVKNRLEVNEKMNAPLKDFYQKKGLLTVINGEQTPEKVFEDIDAVLSNNQ,37,zinc
legionella_erythra,MRLMLLGGPGAGKGTQALKLTNYFDIPQISTGDMLRSAIAAGTELGKNAKAIMDAGKLVSDDIIIALVKERLQQNDCRKGFLFDGFPRTIPQADALKTAGIKLDHVIEIAVPDSEIINRISGRRVHVASGRVYHVTFNPPLKDGLDDATGEPLIQRADDSEATIRNRLDVYHQQTEPLIDYYQRWANTQDCLAPQFHRVSGLGSVDSIFTNILSAINARELSCSKT,37,hbond
megasphaera_paucivorans,MYILLMGPPGAGKGTQAEQLIEKYGIPQIATGDMFRAAVKEQTPLGLEAKKYMDNGQLVPDAVTIGIVKERLAKEDCKKGFILDGFPRTTAQAVSLDAILSDLGIKLDGVVNISVPDEELIQRTAGRQICRSCGATYHITFKPAKVHGVCDKCGGELYQRDDDKADTVKKRLTVYAAQTKPLIDYYKNSNLYIEIDGTQGMKAVFKAIVESLEKSKK,30,zinc
mesonia_phycicola,MTNIVLFGPPGAGKGTQADILKKKYELVHISTGDVFRYNIKNETELGKTAKSFIDKGQLVPDEVTINMLNAEVEKHPEAKGIIFDGFPRTEAQAGALDKLLESKNDSVNAMIALEVEDEVLVQRLLERGKTSGRADDADESVIRNRIKVYYDETAILKNYYKKQDKYFGVDGVGSIDEITQRLSKVVDQL,28,lidless
methylophaga_frappieri,MRTVLLGAPGSGKGTQGVVLSQQFSIPQISTGDLLRAAVAAGSELGIKAKSAMDAGALVSDDIVIGLIRERLSESDAQQGYILDGFPRNIAQAEALDTMLNELGQPLQGVVLLDVPFEELMQRLTGRRTCKNCGAIFNVHLSPPKTENICDKCGGELFQRQDDNAETISNRLKVYQDQTAPLIGYYQSQQKLHTVQGTGNIDDITQSVSNIFSDI,29,zinc
microbacterium_chocolatum,MTARLLIVGPQGSGKGTQGVRVGEALGIPVVSTGDVFRANVKDGTELGLQVKSIIDAGDLVPDELTSAVVRDRLAQADAAEGFLLDGYPRNLAQVMHLDEFLEGRDESLDAVIALIVPREESLSRLTARAAEQGRADDTEEAIATRLGIYERETAPILDVYGTRGIVDEIDGVGTLDEVTARVFAALEARGIAAPPAA,30,lidless
micromonospora_viridifaciens,MRLVLVGPPGAGKGTQAEFIAAHLSVPKISTGDIFRANVSQGTPLGVEAKRYMDAGKLVPDEVTINMVRDRLAEPDASEGFLLDGFPRTTPQAAALDKLLADLGTALDLVLELVVDDDEVIRRLSGRRTCRGCGKIWHVEFDATTREGICDRCGGELFQRDDDKPETIAARLREYAEKTAPLVDYYGAQGKLVGIDATGPVEDVTVRAIDALRSYGG,27,zinc
mycoplasmopsis_arginini,MIKECCCNHEAKCQSKKPNLIFIGPPGAGKGSVANLIVQNFGYFQLSTGDMFRQEIKNKTELGLKIKNILDSGKYVDNDITNQLVEKKLTELVEKEIPFILDGFPRTIDQAEFLDNLKEKGIIIDKVILLKITNEQIIERLSKRRICPLCKTIYHLESFPPLDDKFCIKCHTEVVKRADDEEEVILKRLAIYNDQTKCLIDFYKNKGLVLEINSYQELNKVFEDVKKALQW,37,zinc
mesomycoplasma_flocculare,MISEKRILFIGAPGSGKGSLSKILVDKYKLVHISTGELFRLKIKEDQKLAKKIQSYVSSGGYVPDKITNKIVADFISKLPKNRGYILDGYPRTIEQLNFMNENGIEVDLVFYLKIRTDTIINRLRQRLFCQECQKPYNLLLAKPKIAGKCDLDNNDLITRNDDRPEIISVRIEKFNLSIAPIVQHYENINKIHYLDTENPLEKIIEEIEKWL,37,zinc
mesomycoplasma_hyorhinis,MIKNNKLTNKALNLIFLGSPGSGKGTLAGILKEQKQILHLSTGDLFRAKIASDEEFALKMKQIILQGLYVPDEITNNIVLDYLQNANLENGIILDGYPRTITQAKFLEQNNFKIDFVVYLQTSENIILERLSLRKYCPTCQSTYHDKFKPAKEGKYCFKDNTVVQRRKDDEPEAIKKRIAIYQEQTAPLINYYATQNLLIEFDANQDLNKLTEEVITTLWKL,37,zinc
mycoplasmoides_pneumoniae,MVMENKFLFLGAPGVGKGTLAKQVANTTGLFHLSTGDIFRSVMQEQGALSQTLAHYMNQGLYVPDELTNQTFWHFVTTHQNELHKGFILDGYPRTLNQLEFLQSKLQLDQVFHLKLSDPQVLVARILNRLVCPSCGSVYNKQSKPPLKANQCDRCHATLQARNDDTEAVILKRLTLYEDTVKPLIEAFTKQGILTVIEAQLPLEQQVNLVQQLVH,37,zinc
nonlabens_ulvanivorans,MGLNIENKFVVGYGMDYDNLGRNLPELYVQTQRMKNIVLFGPPGAGKGTQAERLKEKYGLVHISTGDVFRYNIKNGTELGTLAKSFMDKGNLVPDEVTIKMLNAEVEKTPDAAGFIFDGFPRTDAQAKALDELLASKGSEIAGMVALEVDDEVLVERLLERGKASGRADDANEGVIRDRIAVYYKQTAPLKDYYTAQDKYHGVDGVGALDEITARLSVEFDKL,22,lidless
oenococcus_oeni,MSKNIVMLGLPGVGKGTNADIMVEDFKLPHISTGDIFRSAMANHTELGDKAKSFMDAGNLVPDEITNGIVNERLNEADVKDAGGFILDGYPRNTSQADSLESFLRSIQQKLNAVIYLDASEKTVTNRMLGRGREDDTPEVVAHRIDVAKKETMPLVEYYRNKGSLYTIDANGEVSVVYPKIKKLVSNL,30,lidless
oleiphilus_messinensis,MGAIQKMRAILLGAPGAGKGTQAQFITQKYEIPQISTGDMLRAAVKAGTPLGLKVKEVMASGGLVSDETIIELIEERITQADCANGFLLDGFPRTIPQAEALKEKGIKIDHVIEIAVDDEEIVKRLSGRRVHEASGRVYHTIYNPPKVEGMDDETGEALIQREDDQESTVRKRLDIYHSQTAPLVDYYKNWAAEDAAAAPGYVHVPGVGTVEEIRDKIFEQMA,27,hbond
parafannyhessea_umbonata,MKIVLLGAPGAGKGTQAQKLVADYGVAHISTGDLLRAAVKAQSKLGIEAKGYMDAGKLVPDQLVIDLVKERLAQDDAQKGFILDGFPRNTAQAEVLDKELSGMGIALDAALLVDVKADVIINRLSSRRTCRSCGYTAGAGVDVCPRCGGEMYQRDDDKPETIKKRLDTYESQTAPLVGYYREHGILKEVDGDRPVDEVYADVKALLGL,37,zinc
paenibacillus_bovis,MNIIFMGPPGAGKGTQAAVIVKELGIPHISTGDAFRLAIKQETPIGVKAKEFIDQGLLVPDDVTNGIVEERLAQPDCEKGFLLDGYPRTLAQAEALDKMLAAMDRKLDHVINLKVDRDKLLVRITGRRICRTCGATYHIVFNPPKQEGVCDIDGGELYQRADDNEESVATRLDEYGNKTAPLLAYYGDRNLLRDIDGEQGIDVVSQDIVSLLRG,30,zinc
patulibacter_medicamentivorans,MTELNLILLGPPGAGKGTQGERLTASEPLEYIVTGEILRAAVREASELGLQAKGYMDEGQLVPDELVIGLILERVRAEQATDGFLLDGFPRNIAQGEALDGALSQLGRDLNGVLLIEVPDEEIVRRLSGRRVSSSGRIYHVEFDPPKVAGKDDVDGTDLIQRDDDKPDTIRKRLAVYHEQTAPLIGYYEERGLLHRFDGTAPADEVEAHVRKTISTLRLEDAV,28,hbond
pedobacter_hartonius,MLNFVLFGPPGAGKGTQSEKLIARYQLNHISTGDIFRAHISNQTPLGQQVSALIADGQLVPDAITIAMLEEEVEKNPGAKGFIFDGFPRTVAQAAALDEFLESKGSSIAAVIALDVDQEELTKRIAERQKLTNRVDDQADKLQKRIEEYFSKTIHVLPYYEAQNKLSKVNGIGKIDDIFAELCEVVDKY,13,lidless
persephonella_hydrogeniphila,MAKTYIFLGPPGAGKGTQAQRLVEEKGFVQISTGDILREAVKKGTELGKKAKEYMEAGKLVPDDIIIGIIKEKLKELEGKDIILDGFPRTIPQAEALDKMLPEVGRKLDGVILFDVPDEEVIKRLSGRRVDPKTGKVYHIIFNPPPPEIEVIQRDDDKEEVIRKRLEVYHSQTAPLIEYYKKQNKLQVIDATRSPDEVYTELLSVLK,70,lidless
porphyromonas_macacae,MTNIVIFGAPGSGKGTQSENLIKRYGFKHVSTGDLLRAEIKQDTELGQVAKRYIDKGQLVPDEYIIQMIEHLLSQLQKEAGLIFDGFPRTVAQAVALDDLLVHHQTKVDVVLDLKVPQEELIDRLLKRGQISGRSDDNLETIKKRLLVYHNQTAPLASYYANKGVLKTIEGTGTVSEIGDRIVRVVDALHK,37,lidless
prochlorococcus_marinus,MKKHLLFLGAPGAGKGTQAELLSQTNSYLHLSTGELLRKEIEMNTALGIQVKDIMNRGELVSDELVLKIVRHNLVKDNEGWILDGYPRNLSQANSLNEVLNEINQPLEVVFYLDIPEEVLIKRLLLRGRKDDTEETIRTRVDIYKKTTEPLIQYFKDLSLLEYIDADRDLKTISSDIKQKMA,20,lidless
prosthecobacter_debontii,MAESQPRFRTLLILGAPGSGKGTQGKVLGSIPRFHHLACGDVFRSLDTRTPLGQKFVEYSSRGELVPDDVTVQLWRANIKQRVDSHQFKPEIDFLVLDGIPRNVDQARFMEEDIEVLKVFHLSCPDRTELARRLRKRALKDNRFDDANEKVIQHRFATYEAETKPILDYYSGDRIVEIDASQPPAKVLYDILAGVMTLQAWRDIEQMKI,26,lidless
pyrinomonas_methylaliphatogenes,MAKIIVLMGAPGAGKGTQARLLQERTGLPQIATGDIFRALAQEDSPLAEEVRAVQASGRLISDDLVVRVVRERTGRPDCRNGYILDGFPRTTVQAEMLEKLAEEQGHAITAILVDVPLEILEKRMTGRRTCPVCGEIYNVYFKPPRNDERCDLHPEAKLIHRSDDVPEKVRVRLETYEQQTRPLIDYYEAAGRLHRVDGMRAPEEIYKDIERIVLNGA,60,zinc
rhodanobacter_fulvus,MRLVLLGAPGSGKGTQAARLKTDLGVPHISTGDMLRAAVAAGTPMGLKAKAVMDAGQLVSDDILLGMLEDRLAQPDAKAGFILDGYPRNLAQADALDQLLAKIGQPLDAVIKLEVPNEAIIRRCEIRFAAEGRADDNPDTVRRRLGIFAEQTAPVADFYARRGKLQVVDGVGELDEVTVRIKQALHRAPVVANG,27,lidless
pseudoroseomonas_rhizosphaerae,MNLILLGPPGAGKGTQAKRLEERHGIAQISTGDMLRAEVKSGSEIGREAKAIMEQGALVPDAIITAMLANRVSQPDAARGFILDGFPRTTPQAEALDIMLRDKGLQLDHVIELKVDDAALVERIAGRFTCASCGAGYHDSFKPTAKPGVCDSCGGTEFVRRADDKAETVAARLEAYHRQTAPLLPYYEAQGKLSQVDGMASMDEVARQVEAILSR,30,zinc
falsiroseomonas_stagni,MRLILLGPPGAGKGTQAKRLEERYGISQISTGDMLRAEVKAGSPIGLEAKAIMERGDLVPDAIITAMLAARVSAPGSAKGFILDGFPRTVPQAEALDRMLAEKAMPLDHVIELKVDDAALVERIAGRFTCAKCGEGYHDSFKKPAQAGVCDSCGGTEFTRRADDKAETVAARLDAYHRQTSPLLPHYAAQGKLRQVDGMAEMDEVTRQIAAVLGAG,30,zinc
rubritepida_flocculans,MNLILLGPPGAGKGTQAKRLEERFGLVQISTGDMLRAEVKAATPIGLEAKAIMERGELVPDAIITAMLAARVQQPDAAKGFILDGFPRTVPQAEALDAMLAEKGLRLDHVIELKVDDAALVARISGRFTCARCGEGYHDQFKPPAVAGVCDKCGGTEFTRRADDKAETVGARLAAYHRQTAPLLPYYAAQGKLRSVDGMADMSAVTAALEEILAPAA,50,zinc
rubrobacter_radiotolerans,MRIILLGPQGAGKGTQASRLSERTGAKHIATGDIVRAEIKSGSDLGKKVREYNDRGDLVPDEIIVEMFKPHLEGTSDWVLDGFPRNEAQARALDEALVELGIELDGVVALEASDEELVERLSGRRQSEATGRTYHIQHDPPPEDPGEDPGPFVQRKDDTEEAIRNRLRIYHEQTEPLKGYYAERGLLSTVDATQAIEAVTRDVLAAVGEK,37,other
salinibacter_ruber,MRLIIFGPPGAGKGTQAGLLEERHGITQISTGDILREAMAQETELGQKAKSYIDAGELVPDALVRDLAEQAIADEGHDDFMLDGYPRTDQQAEWLTEFLASNETPLDGVLSMKVPDDVLVRRLSRRRVHEETGETYHLDHDPPPEDVDPDLIVQRSDDEPETIQNRLDVYREETAPLATYYEERDLLVPVDGTGGIEEVFGRIEEALDALER,37,other
salinispira_pacifica,MKLVFLGPPGAGKGTMAGRLSEEKDIPHISTGDIIRGAIRNQTDLGKKVKEIVEAGGLVPDDLTISLVEERLGKSDAREGFILDGFPRTIAQADALKKMTSLDRVINFQLDDEEIVKRLSGRRVHKASGRTYHILFNPPKTEGKDDVTGEDLITRPDDTKQSIEKRLEVYRNQTAPLISYYKEEGILTDLDSSPSPDAVFADLLAAVS,35,hbond
salipiger_mucosus,MDGQTVTAAPVLILLGPPGAGKGTQARMLEEEFGLVQLSTGDLLRAAVAQGTEAGKKARAVMEAGELVSDEIVIAILRDRLAEPDCARGVILDGFPRTTVQAQALDALLAERDQRIDAAVSLEVDDAAMVTRISGRYTCAACGEGYHDAFKQPATAGTCDKCGGTEMTRRADDKAETVASRLEAYHAQTAPLIGYYDKTGALARIDAMGAIDDIAAELGAIVKRVTG,30,zinc
sphaerochaeta_pleomorpha,MNLVFLGPPGAGKGTIASQAKTHYDIPHISTGDLFRNNIKNETELGKQVKAILASGNLVPDSVTIAMVKDRLSEDDAKKGFILDGFPRTIAQAEALKEMTGLDAVVNFVLDREDIVKRLSGRRVCKSTGKTYHIIYSPPKVEGIDDETGESLIQRDDDKEEAIINRLAVYDKQTEPLIAYYREKGILIDIDAKPAPEEVFASMVKLLQK,25,hbond
spirulina_subsalsa,MSKRIIFLGPPGSGKGTQAKILAHSMEIPHISTGEILRRAVVEETSLGKKVKDFLEQGDLVPDSLLVDLIRERLNSEDADEGWILDGFPRTIAQANFLEELLQEFQETRKVVFNLEVPEPVLVKRLLHRAEEEGRADDTEETIRHRLQVYHDLTEAVIDYYHEHEDHDLYSVNGDRLPEEVAKSLNEIVMVNA,23,lidless
sporolituus_thermophilus,MHILLMGPPGAGKGTQAVKLVEAFHIPHISTGDMFRAAVKEGTPLGKQAKEYMDAGQLVPDSVTIGIVKERLAKPDCERGFILDGFPRTLDQADALDRTLCELGIRLDRVINISVPAEELVKRMTGRRICRSCGATYHIHFNPPAQAGICDKCGGELYQRADDQEQTVTKRLAVYSAQTQPLIEYYQDKGLYTEIDGQQDIDKVFADIVASLRGEQV,55,zinc
streptomonospora_alba,MSTGDIFRANVSGGTELGKQAKAYMDRGDLVPDEVTNAMVRERLKEEDAKNGFLLDGFPRNVAQAEALNKILDGLGQRLDAVVELRADEEEVVKRLSGRRQCRNCNRVHHVEFDPPRTEGVCDHCGGELFQRDDDREEVVRHRLDVYREQTEPLVAFYEGEGLLVAIDATGGVDDVTSRAQAALRSGA,30,zinc
streptomyces_subrutilus,MRIVLVGPPGAGKGTQAAFLAKNLSIPHISTGDLFRANISQGTALGKQAKAFMDAGDLVPDEVTIGMAKDRMEQADAANGFLLDGFPRNVSQAEALDVMLQTAGMKLDAVLDLEVEEDEVVKRIAGRRICRNDSSHVFHVAYAQPKTEGVCDKCGGELYQRGDDSEATVRNRLEVYHTQTEPIIDYYKAQGLLVTIPALGEVADVTKRAMEALKK,27,zinc
synechococcus_elongatus,MARLIFLGPPGAGKGTQAVVVAEQLQLAHISTGELLRAAVTAQTPLGIEAKGYMDRGELVPDSLVLGLVRDRLQQPDTANGWILDGFPRNRSQAEALNLLLTEINQQVDRAVNLDVPDPVIIERMLARGRADDTESVIRRRLEVYREQTAPLIDFFRDRQQLLAIDGNSEVAAVTDRLVSALQVAA,24,lidless
thermodesulfatator_atlanticus,MNIVFLGPPGAGKGTQAKMIAEKFGIPQISTGDMFREHLSKGTELGKKAKEYMDKGALVPDEIVLGMVEERLKQPDCEKGFILDGFPRTLPQAEALDKLLEKLGKKIDYAILIDVPDEELVKRLTGRRTCKKCGMMYHVMFKPPKEEGKCDVCGGELYQRADDNEETVKNRLKVYHEQTEPIVQYYEKKGVLYRIDGMGSIEEIFNRIVKLLGG,70,zinc
thermodesulfobacterium_commune,MNIVFLGPPGAGKGTQAKILVEKYGIPQISTGDMLREHVGKGTELGLKAKEYMEKGQLVPDEIILGMVKERLSQPDAQKGFILDGFPRTVAQAEALDKMLEEMGRKLDVALALIVPDEELVLRLTGRRTCKNCGMMYHIKFKPPKVEGKCDACGGELYQRPDDNEETVRNRLKVYHESTAPLIEYYKNKGILAEIDGSKSIEEITQQIINILEKK,70,zinc
thermomicrobium_roseum,MAGRCHVIVIGPQGSGKGTQAARVAPLLRLVHVATGDLFRQLMTRDDELAREVRSYYDRGALVPDELTLRVLLARLDELEREQGDQYRGALLDGYPRNLAQAEALDRVLTERGDVIAAVVHLVVPREVLIERLSGRLICPTCGATYHVRFSPPRVAGICDHCGGALMQRSDDTPEAIARRLETYEQQTAPLLDYYRARDLVIDIDGNRPIDVVTRDLLVALESRLAHNPCRSS,70,zinc
treponema_putidum,MNCIFLGPPGAGKGTLAFEVSKSYKIPHISSGDLFRAAIKEQTELGKKVKAVIDSGALVSDELTIALIKERLEKDDTKNGFILDGFPRTIAQADALENIAKIHSVINFDISDDEVIKRLSGRRVCSSCGKSFHIEFVKPKKESVCDSCSGELIIRPDDKIEAVQKRLETYRNQTAPLIDYYTKKNLIVNIDARSSTDKVLASFKVKFPN,37,zinc
veillonella_seminalis,MYILLMGPPGAGKGTQATRLIDKYGIPQISTGDMFRAAVKECTPLGLEAKKYMDAGQLVPDSVTVGIVRERLAKDDCKNGFILDGFPRTTAQAVSLDAILKEMGIVLDAVVNLNVPNEELVRRISERARLENRDDDKPETVQKRLAVYDESTKPLIDYYRNSGLYVEINGLQDVDAVFTDIIKALEK,37,lidless
verminephrobacter_aporrectodeae,MRLILLGAPGAGKGTQASFICREYGIPQISTGDMLRAAVKAGTPLGLQARAVMDSGALVSDDIILALVKERTAQPDCAKGFLFDGFPRTLAQADAMKAAGVRLDCVLEIDVPFDAIIERMSGRRLHPASGRTYHIRFNPPRVPGRDDATGEELVQREDDKEETVRKRLQVYSDQTRPLADYYRSWAQAEPATAPRYRSISGTGSVDEITVRALQALADCPRPVLVGH,22,hbond
virgibacillus_dokdonensis,MNLILMGLPGAGKGTQAEKINEKYDIPHISTGDMFRLAIKEGTDLGKKAKAYMDRGELVPDEVTNGIVKERLSKNDCKHGFLLDGFPRTIAQAEALQSLLQDINQSIDYVIHVDVPEEKLVERLTGRRICPTCGTTYHVVYNPPKEDGVCDKDGSTLIQRDDDKPATVKKRLSVNIEQTKPLLDFYNEKGYLVTVNGDQDIDQVFQDIQAKVEK,30,zinc
mycoplasma_mobile,MIRNLIFLGAPGSGKGSTALEISTKYDIEHISTGEIFRNEIKNKTPLGLKVAEIVNDGKYVPDELTNQIVLKKLKELKQENKKFILDGYPRTLNQAMFLSSVLDEKILAVLLEVPTNLIIERLSFRRICPICKSIYHLKYNPSKKGEFCENHLENLTKIEARQDDSEESIKKRLKIYNEETKPMIDYYKKNQSLVVINSEESVKKVASLVIKKVFND,26,zinc